term,VIF
housing,2.5727254297232087
economic_domain,1.9704821809007036
ownsevere,1.447956818847307
transportation,1.490723531083836
