term,VIF
above_poverty,3.9072065366967967
social_domain,3.9072065366967967
