term,estimate,std.error,statistic,p.value,p_adj_BH
(Intercept),-3.8381712126534464,0.8513491913047372,-4.508339529601535,3.8491230401639236e-5,3.079298432131139e-4
healthcare_access,-4.457199446106393,1.7029611377713332,-2.6173230540889114,0.011634652542234336,0.015512870056312448
above_poverty,7.627635726806639,3.6324810101363467,2.0998418726820356,0.04070927152951607,0.04070927152951607
economic_domain,-9.617065336693816,2.7474486110193435,-3.5003622262931953,9.74396215119216e-4,0.001948792430238432
education_domain,3.4186542137858393,0.9633223764170727,3.548816364570488,8.413715723988799e-4,0.001948792430238432
neighborhood_domain,3.4783634324782366,0.9640076833550839,3.6082320634336806,7.018380087626362e-4,0.001948792430238432
ownsevere,2.3054732669945306,0.9856716561560365,2.338987078096079,0.023292061270663515,0.026619498595044016
social_domain,5.614776059515426,1.7481338681519447,3.2118684740380536,0.002285520699263948,0.003656833118822317
