term,VIF
economic_domain,2.854347540037398
social_domain,2.854347540037398
