term,estimate,std.error,statistic,p.value,p_adj_BH
(Intercept),0.23923642841655282,0.024139855082532174,9.910433496747316,6.328394296950009e-14,1.8985182890850028e-13
economic_domain,-0.18577303056101852,0.041133919430780486,-4.516297817756814,3.2899091975381634e-5,4.9348637963072455e-5
social_domain,0.07642335284919445,0.04113391943078048,1.8579156546897624,0.06844101391487029,0.06844101391487029
