term,VIF
housing,5.38581336926714
economic_domain,2.0750372451741628
homeownership,2.6790152039657826
ownsevere,2.041434547204886
transportation,1.5104382436751314
