term,estimate,std.error,statistic,p.value,p_adj_BH
(Intercept),0.24623684988299374,0.021536453978600236,11.433490867515504,1.4665100804114415e-15,8.799060482468648e-15
housing,0.16927970232908862,0.050432734451411006,3.3565442003185395,0.0015143711907450554,0.003028742381490111
economic_domain,-0.14383974336668573,0.031303998515311494,-4.594931963606197,2.961204443033615e-5,8.883613329100845e-5
homeownership,-0.10143082012654911,0.035569229309990014,-2.851645146499172,0.006306603742654337,0.007567924491185205
ownsevere,0.05577690823849723,0.031049498939828307,1.7963867419113224,0.07847558937104446,0.07847558937104446
transportation,-0.08209130011926878,0.026707814597501423,-3.073680919102554,0.0034199329305755455,0.005129899395863318
